;005857570004?,02/18/2016,06:38:56 PM
;005857570004?,02/18/2016,06:39:01 PM
;005857570004?,02/18/2016,06:40:04 PM
;005857570004?,02/18/2016,06:40:15 PM
;005857570004?,02/18/2016,06:41:24 PM
;005857570004?,02/18/2016,06:41:26 PM
;005857570004?,02/18/2016,06:41:42 PM
;005857570004?,02/29/2016,08:43:58 AM
;005857570004?,02/29/2016,08:44:25 AM
;005857570004?,02/29/2016,08:44:27 AM
,04/18/2016,09:59:52 AM
 ,04/18/2016,10:00:04 AM
asdf,04/18/2016,10:00:26 AM
asdf,04/18/2016,10:00:53 AM
4568,04/18/2016,10:01:06 AM
555,04/18/2016,10:02:10 AM
asdf,04/18/2016,10:34:10 AM
